date,mentions_GME
2021-02-08,104
2021-02-09,63
2021-02-10,90
2021-02-11,45
2021-02-12,38
2021-02-13,53
2021-02-14,42
2021-02-15,15
2021-02-16,20
2021-02-17,25
2021-02-18,53
2021-02-19,73
2021-02-20,49
2021-02-21,44
2021-02-22,20
2021-02-23,54
2021-02-24,37
2021-02-25,65
2021-02-26,184
2021-02-27,93
2021-02-28,48
2021-03-01,45
2021-03-02,90
2021-03-03,134
2021-03-04,125
2021-03-05,102
2021-03-06,97
2021-03-07,47
2021-03-08,38
2021-03-09,93
2021-03-10,177
2021-03-11,171
2021-03-12,92
2021-03-13,62
2021-03-14,46
2021-03-15,31
2021-03-16,75
2021-03-17,78
2021-03-18,50
2021-03-19,53
2021-03-20,40
2021-03-21,17
2021-03-22,13
2021-03-23,23
2021-03-24,40
2021-03-25,49
