date,mentions_GME
2/8/21,104
2/9/21,63
2/10/21,90
2/11/21,45
2/12/21,38
2/13/21,53
2/14/21,42
2/15/21,15
2/16/21,20
2/17/21,25
2/18/21,53
2/19/21,73
2/20/21,49
2/21/21,44
2/22/21,20
2/23/21,54
2/24/21,37
2/25/21,65
2/26/21,184
2/27/21,93
2/28/21,48
3/1/21,45
3/2/21,90
3/3/21,134
3/4/21,125
3/5/21,102
3/6/21,97
3/7/21,47
3/8/21,38
3/9/21,93
3/10/21,177
3/11/21,171
3/12/21,92
3/13/21,62
3/14/21,46
3/15/21,31
3/16/21,75
3/17/21,78
3/18/21,50
3/19/21,53
3/20/21,40
3/21/21,17
3/22/21,13
3/23/21,23
3/24/21,40
3/25/21,49